{
  "m_Version": 12,
  "DisplayName": "Snafu_Gold_Snipers",
  "Icon": "Gun",
  "Color": "FBFCFEFF",
  "IsExchange": 0,
  "InitStockPercent": 100,
  "Items": [
    {
      "ClassName": "SNAFUGM6Lynx_Gold",
      "MaxPriceThreshold": 150000,
      "MinPriceThreshold": 150000,
      "SellPricePercent": 100,
      "MaxStockThreshold": 100,
      "MinStockThreshold": 1,
      "QuantityPercent": -1,
      "SpawnAttachments": [],
      "Variants": []
    },
    {
      "ClassName": "SNAFU_M300_Gold",
      "MaxPriceThreshold": 150000,
      "MinPriceThreshold": 150000,
      "SellPricePercent": 100,
      "MaxStockThreshold": 100,
      "MinStockThreshold": 1,
      "QuantityPercent": -1,
      "SpawnAttachments": [],
      "Variants": []
    },
    {
      "ClassName": "SNAFUSRSA2_Gold",
      "MaxPriceThreshold": 150000,
      "MinPriceThreshold": 150000,
      "SellPricePercent": 100,
      "MaxStockThreshold": 100,
      "MinStockThreshold": 1,
      "QuantityPercent": -1,
      "SpawnAttachments": [],
      "Variants": []
    },
    {
      "ClassName": "SNAFUTac21_Gold",
      "MaxPriceThreshold": 150000,
      "MinPriceThreshold": 150000,
      "SellPricePercent": 100,
      "MaxStockThreshold": 100,
      "MinStockThreshold": 1,
      "QuantityPercent": -1,
      "SpawnAttachments": [],
      "Variants": []
    },
    {
      "ClassName": "SNAFUM1A_Gold",
      "MaxPriceThreshold": 150000,
      "MinPriceThreshold": 150000,
      "SellPricePercent": 100,
      "MaxStockThreshold": 100,
      "MinStockThreshold": 1,
      "QuantityPercent": -1,
      "SpawnAttachments": [],
      "Variants": []
    },
    {
      "ClassName": "SNAFUM96_Gold",
      "MaxPriceThreshold": 150000,
      "MinPriceThreshold": 150000,
      "SellPricePercent": 100,
      "MaxStockThreshold": 100,
      "MinStockThreshold": 1,
      "QuantityPercent": -1,
      "SpawnAttachments": [],
      "Variants": []
    },
    {
      "ClassName": "SNAFUMarlin1895_Gold",
      "MaxPriceThreshold": 150000,
      "MinPriceThreshold": 150000,
      "SellPricePercent": 100,
      "MaxStockThreshold": 100,
      "MinStockThreshold": 1,
      "QuantityPercent": -1,
      "SpawnAttachments": [],
      "Variants": []
    },
    {
      "ClassName": "SNAFUDVL10M2_Gold",
      "MaxPriceThreshold": 150000,
      "MinPriceThreshold": 150000,
      "SellPricePercent": 100,
      "MaxStockThreshold": 100,
      "MinStockThreshold": 1,
      "QuantityPercent": -1,
      "SpawnAttachments": [],
      "Variants": []
    }
  ]
}