{
  "m_Version": 12,
  "DisplayName": "Snafu_Gold_SMGs",
  "Icon": "Gun",
  "Color": "FBFCFEFF",
  "IsExchange": 0,
  "InitStockPercent": 100,
  "Items": [
    {
      "ClassName": "SNAFUPPSh_Gold",
      "MaxPriceThreshold": 100000,
      "MinPriceThreshold": 100000,
      "SellPricePercent": 100,
      "MaxStockThreshold": 100,
      "MinStockThreshold": 1,
      "QuantityPercent": -1,
      "SpawnAttachments": [],
      "Variants": []
    },
    {
      "ClassName": "SNAFUSten_Gold",
      "MaxPriceThreshold": 100000,
      "MinPriceThreshold": 100000,
      "SellPricePercent": 100,
      "MaxStockThreshold": 100,
      "MinStockThreshold": 1,
      "QuantityPercent": -1,
      "SpawnAttachments": [],
      "Variants": []
    },
    {
      "ClassName": "SNAFURPD_Gold",
      "MaxPriceThreshold": 100000,
      "MinPriceThreshold": 100000,
      "SellPricePercent": 100,
      "MaxStockThreshold": 100,
      "MinStockThreshold": 1,
      "QuantityPercent": -1,
      "SpawnAttachments": [],
      "Variants": []
    }
  ]
}